identifier	datestamp	status	sets	page
79D024BF1D99405695434639C817A5D2	2026-09-14		MONASTERIUM;MONASTERIUM_235	1
6B624690656E4223BF13E1A30189301F	2026-09-14		MONASTERIUM;MONASTERIUM_235	1
BBD7FFB417AE48FEAA62580EC037C8BB	2026-09-14		MONASTERIUM;MONASTERIUM_235	1
054DDCC154A345F3A7BD6911887F2F82	2026-09-14		MONASTERIUM;MONASTERIUM_235	2
AE18D8C77997450A9CA9BA578D44AE6F	2026-09-14		MONASTERIUM;MONASTERIUM_235	2
83EF24222A7D4D8DB0FA5AFE37EB6BFC	2026-09-14		MONASTERIUM;MONASTERIUM_235	2
EB3696F635CC4540965D258E25FAE8E8	2026-09-14		MONASTERIUM;MONASTERIUM_235	3
B6BDED0E12454490A81D77FB5F35B958	2026-09-14		MONASTERIUM;MONASTERIUM_235	3
B7B854B912404CBEB8B80E1271B09FEE	2026-09-14		MONASTERIUM;MONASTERIUM_235	3
6B41E6FF9EF24E1991FCBF32501D2107	2026-09-14		MONASTERIUM;MONASTERIUM_235	4
D884BE0B31034C71B6F61BE29146426B	2026-09-14		MONASTERIUM;MONASTERIUM_235	4
EF0603465AD948C89B31219BF94C5C56	2026-09-14		MONASTERIUM;MONASTERIUM_235	4
1ECA53335BE3425D994147545764B42E	2026-09-14		MONASTERIUM;MONASTERIUM_235	5
A75FF2B149754246921A619FDDD4A341	2026-09-14		MONASTERIUM;MONASTERIUM_235	5
CE7B1D1C715343DAACC87EC0D089DC66	2026-09-14		MONASTERIUM;MONASTERIUM_235	5
58216ABED7A5450C86BE8B04DB4DCBF8	2026-09-14		MONASTERIUM;MONASTERIUM_235	6
DDB0F8D2028044F1959353C9B390339C	2026-09-14		MONASTERIUM;MONASTERIUM_235	6
EABD570F3E464D498815E57EFC755B35	2026-09-14		MONASTERIUM;MONASTERIUM_235	6
74A37C1A4FF94DF5B2AC352CCFF4E2CF	2026-09-14		MONASTERIUM;MONASTERIUM_235	7
8AA7D33E8F7740C98EB9990DAC5D2497	2026-09-14		MONASTERIUM;MONASTERIUM_235	7
F61EFC2B0B0B4FA390DB37992BAFA5FE	2026-09-14		MONASTERIUM;MONASTERIUM_235	7
20DCED9C88794CCA8A4D3ACB8E609B68	2026-09-14		MONASTERIUM;MONASTERIUM_235	8
451A61B159934CD58C7C51C577073D92	2026-09-14		MONASTERIUM;MONASTERIUM_235	8
18A2644A16DB49ECAF3B5AA5F48FBF61	2026-09-14		MONASTERIUM;MONASTERIUM_235	8
978DC80498494EDD8E628C63D90422AA	2026-09-14		MONASTERIUM;MONASTERIUM_235	9
136CBA0ACB44443D891F794C41EBDA93	2026-09-14		MONASTERIUM;MONASTERIUM_235	9
A083C8AB20424F5BA5AF7CC5203176F2	2026-09-14		MONASTERIUM;MONASTERIUM_235	9
E2998C067B394D7C92D26C0237D6AA20	2026-09-15		MONASTERIUM;MONASTERIUM_235	10
4D09FB9BFBA64B818AF84FD4A45140E2	2026-09-15		MONASTERIUM;MONASTERIUM_235	10
AFD24F4557BE43AD9CDD1C4C0615F4DA	2026-09-15		MONASTERIUM;MONASTERIUM_235	10
6A00010B8EFE4FA79DACEBD5FCD0D296	2026-09-15		MONASTERIUM;MONASTERIUM_235	11
5BEE6D9C429340A494497AB0862864E4	2026-09-15		MONASTERIUM;MONASTERIUM_235	11
394BA9DDA20A47B4AEB5E0E4C3306520	2026-09-15		MONASTERIUM;MONASTERIUM_235	11
96D0A767397C47CABF1BD9D0D0E55689	2026-09-14		MONASTERIUM;MONASTERIUM_235	12
5FE3A94A95584B2ABE394D2B3682E6EF	2026-09-14		MONASTERIUM;MONASTERIUM_235	12
9910830C89FE44C684EA84CBEBC08E98	2026-09-14		MONASTERIUM;MONASTERIUM_235	12
82F08ABD491C48D19EAC77E47CB9E0C9	2026-09-14		MONASTERIUM;MONASTERIUM_235	13
48CAD165F17F4D37814EBB7F1243F63A	2026-09-14		MONASTERIUM;MONASTERIUM_235	13
EDF90570A1FE4276B415B09AD8C2E687	2026-09-14		MONASTERIUM;MONASTERIUM_235	13
EFBC4E781B41498AAC908069A09CB152	2026-09-14		MONASTERIUM;MONASTERIUM_235	14
0883C9E46598405D9DA0F141411F8623	2026-09-14		MONASTERIUM;MONASTERIUM_235	14
EA3B689FBDD34C2DB6B817AED8C9943C	2026-09-14		MONASTERIUM;MONASTERIUM_235	14
480F9EBE9A6645FD9BF678E8B70228A3	2026-09-14		MONASTERIUM;MONASTERIUM_235	15
BBE25FAD763E4CC5AB46C48D4FA32B7F	2026-09-14		MONASTERIUM;MONASTERIUM_235	15
4D955415C5AC4701BCD17EC0F6D680F4	2026-09-14		MONASTERIUM;MONASTERIUM_235	15
30AF3619CFF949BFBE7F98FD7CB761EA	2026-09-14		MONASTERIUM;MONASTERIUM_235	16
667512480F004B6295BC4E66D6059674	2026-09-14		MONASTERIUM;MONASTERIUM_235	16
9C10DE1559BA407ABF642DC8643F6866	2026-09-14		MONASTERIUM;MONASTERIUM_235	16
4FFA776ADED94544AD825F6A08920D63	2026-09-14		MONASTERIUM;MONASTERIUM_235	17
8C713A21B0744157870AA6BB92A6D1EA	2026-09-14		MONASTERIUM;MONASTERIUM_235	17
E821EB936DB740988985CA347638E438	2026-09-14		MONASTERIUM;MONASTERIUM_235	17
E8A64EAB6CF94E35B3D1AB32B54184AF	2026-09-14		MONASTERIUM;MONASTERIUM_235	18
1DB4B354CF9042E69B9F00FA946F342F	2026-09-14		MONASTERIUM;MONASTERIUM_235	18
BDFEE4C7C8224824870A5F1A54338E11	2026-09-14		MONASTERIUM;MONASTERIUM_235	18
